{"Ohio":2.9095238095,"New Mexico":4.6095238095,"Tennessee":-9.2904761905,"Nebraska":-11.9904761905,"Pennsylvania":-0.3904761905,"Iowa":-8.6904761905,"New Hampshire":2.8095238095,"Missouri":1.3095238095,"Rhode Island":8.2095238095,"Indiana":-0.7904761905,"Wyoming":-1.5904761905,"Arkansas":-6.2904761905,"Utah":7.4095238095,"California":-4.3904761905,"Arizona":17.7095238095,"Montana":6.1095238095,"North Carolina":8.2095238095,"Mississippi":-1.5904761905}